Family,Genus,Species,LambdaMax
Acipenseridae,Acipenser,baerii,549
Acipenseridae,Acipenser,medirostrus,540
Acipenseridae,Acipenser,ruthenus,545
Acipenseridae,Acipenser,transmontanus,540
Acipenseridae,Scaphirhynchus,albus,538
Acipenseridae,Scaphirhynchus,platorynchus,534
Polyodontidae,Polyodon,spathula,540
Albulidae,Albula,vulpes,500
Alepocephalidae,Bellocia ,koefoedi,477
Alepocephalidae,Conocara,macroptera,478
Alepocephalidae,Conocara,macroptera,476
Alepocephalidae,Conocara,salmonea,476
Alepocephalidae,Rouleina,attrita,485
Alepocephalidae,Rouleina,maderensis,477
Alepocephalidae,Talismania,antillarum,476
Alepocephalidae,Xenodermichthys ,copei,478
Platytroctidae,Barbantus,curvifrons,478
Platytroctidae,Platytroctes,apus,475
Platytroctidae,Searsia,koefoedi,476
Platytroctidae,Searsia,koefoedi,480
Amiidae,Amia,calva,527
Anguillidae,Anguilla,anguilla,482
Anguillidae,Anguilla,bicolor,494
Anguillidae,Anguilla,japonica,497
Derichthydae,Derichthys,serpentinus,489
Muraenidae,Gymnothorax,favagineus,487
Muraenidae,Gymnothorax,reticularis,486
Muraenidae,Rhinomuraena,quaesita,498
Muraenidae,Strophidon,sathete,487
Synaphobranchidae,Histiobranchus,bathybius,477
Synaphobranchidae,Histiobranchus,bathybius,476
Synaphobranchidae,Histiobranchus,bathybius,477
Synaphobranchidae,Synaphobranchus,kaupii,478
Argentinidae,Argentina,silus,483
Opisthoproctidae,Opisthoproctus,grimaldii,480
Atherinidae,Atherina,boyeri,511
Atherinidae,Atherina,boyeri,509
Melanotaeniidae,Melanotaenia,maccullochi,509
Telmatherinidae,Marosatherina,ladigesi,507
Bathysauridae,Bathysaurus,ferox,478
Bathysauridae,Bathysaurus,mollis,477
Notosudidae,Ahliesaurus,berryi,487
Scopelarchidae,Benthalbella ,infans,451
Scopelarchidae,Scopelarchus,analis,507
Scopelarchidae,Scopelarchus,analis,445
Scopelarchidae,Scopelarchus,analis,503
Scopelarchidae,Scopelarchus,analis,479
Synodontidae,Synodus,variegatus,493
Batrachoididae,Opsanus,tau,503
Belonidae,Belone,belone,509
Melamphaidae,Melamphaes,suborbitalis,482
Melamphaidae,Poromitra,capito,481
Melamphaidae,Poromitra,megalops,487
Melamphaidae,Scopelogadus,beanii,482
Blennidae,Lipophrys,pholis,515
Centrarchidae,Lepomis,macrochirus,538
Characidae,Astyanax,fasciatus,520
Characidae,Paracheirodon,innesi,523
Serrasalmidae,Metynnis,argenteus,533
Cichlidae,Aequidens,pulcher,507
Cichlidae,Aequidens,pulcher,501
Cichlidae,Amphilophus,longimanus,525
Cichlidae,Astatotilapia,burtoni,500
Cichlidae,Aulonocara,hueseri,496
Cichlidae,Copadichromis,borleyi,494
Cichlidae,Crenicichla,frenata,520
Cichlidae,Cynotilapia,afra,496
Cichlidae,Dimidiochromis,compressiceps,498
Cichlidae,Haplochromis,azurea,503
Cichlidae,Haplochromis,ishmaeli,507
Cichlidae,Haplochromis,nyererei,505
Cichlidae,Haplochromis,piceatus,503
Cichlidae,Haplochromis,pyrrhocephalus,519
Cichlidae,Lethrinops,parvidens,489
Cichlidae,Melanochromis,auratus,497
Cichlidae,Melanochromis,vermivorus,505
Cichlidae,Metriaclima,barlowi,491
Cichlidae,Metriaclima,livingstonii,495
Cichlidae,Metriaclima,melabranchion,491
Cichlidae,Mylochromis,lateristriga,496
Cichlidae,Protomelas,taeniolatus,496
Cichlidae,Pseudotropheus,acei,505
Cichlidae,Pseudotropheus,tropheops,510
Cichlidae,Pundamilia,luanso,505
Cichlidae,Pundamilia,pundamilia,506
Cichlidae,Tramitichromis,intermedius,505
Cichlidae,Tyrannochromis,macrostoma,494
Chimaeridae,Chimaera,monstrosa,485
Chimaeridae,Hydrolagus,mirabilis,475
Rhinochimaeridae,Hariotta,raleighana,481
Clupeidae,Clupea,harengus,503
Clupeidae,Clupea,pallasii,501
Clupeidae,Sardinops,sagax,502
Cyprinidae,Abramis,brama,537
Engraulidae,Engraulis,japonicus,502
Engraulidae,Engraulis,mordax,498
Anablepidae,Anableps,anableps,506
Cyprinidae,Alburnus,alburnus,515
Cyprinidae,Ballerus,ballerus,518
Cyprinidae,Blicca,bjoerkna,539
Cyprinidae,Carassius,auratus,522
Cyprinidae,Carassius,carassius,526
Cyprinidae,Cyprinus,carpio,525
Cyprinidae,Danio,malabaricus,505
Cyprinidae,Puntigrus,tetrazona,504
Cyprinidae,Scardinius,erythrophthalmus,537
Cyprinidae,Scardinius,erythrophthalmus,515
Cyprinidae,Tinca,tinca,533
Cyprinidae,Tribolodon,hakonensis,522
Cyprinodontidae,Cyprinodon,variegatus,506
Cyprinodontidae,Jordanella,floridae,511
Elopidae,Elops ,saurus,518
Fundulidae,Fundulus,heteroclitus,503
Poeciliidae,Micropoecilia,parae,503
Poeciliidae,Poecilia,formosa,504
Poeciliidae,Poecilia,latipinna,503
Poeciliidae,Poecilia,mexicana,504
Poeciliidae,Poecilia,reticulata,503
Esocidae,Esox,lucius,521
Megalopidae,Megalops,atlanticus,500
Aulorhynchidae,Aulorhynchus,flavidus,499
Gadidae,Gaidropsarus,mediterraneus,512
Gadidae,Microgadus,proximus,497
Gadidae,Pollachius,pollachius,498
Gadidae,Theragra,chalcogramma,500
Macrouridae,Caelorhinchus,labiatus,479
Macrouridae,Coryphaenoides,armatus,483
Macrouridae,Coryphaenoides,carapinus,484
Macrouridae,Coryphaenoides,carapinus,482
Macrouridae,Coryphaenoides,leptolepis,482
Macrouridae,Coryphaenoides,profundicolus,483
Macrouridae,Coryphaenoides,profundicolus,482
Macrouridae,Echinomacrurus,mollis,478
Macrouridae,Malacocephalus,laevis,486
Melanonidae,Melanonus,zugmayeri,490
Merlucciidae,Merluccius,productus,495
Moridae,Antimora ,rostrata,483
Moridae,Halargyreus,johnsonii,490
Moridae,Lepidion ,eques,486
Moridae,Mora,moro,488
Gasterosteidae,Gasterosteus,aculeatus,509
Gasterosteidae,Spinachia,spinachia,510
Gobiesocidae,Gobiesox,maeandricus,500
Gobiidae,Asterropteryx,semipunctata,498
Gobiidae,Clevelandia,ios,520
Gobiidae,Gobius,paganellus,512
Gobiidae,Gobiusculus,flavescens,508
Gobiidae,Pomatoschistus,minutus,508
Holocentridae,Myripristis,berndti,495
Holocentridae,Myripristis,berndti,506
Holocentridae,Neoniphon,sammara,502
Holocentridae,Sargocentron,xantherythrum,490
Istiophoridae,Istiophorus, platypterus,484
Lepisostedidae,Lepisosteus,platostomus,529
Myctophidae,Benthosema,suborbitale,487
Myctophidae,Diaphus,holti,491
Myctophidae,Diaphus,rafinesquei,488
Myctophidae,Electrona,risso,482
Myctophidae,Lampanyctus,crocodilus,487
Myctophidae,Lampanyctus,festivus,489
Myctophidae,Lobianchia,gemellarii,485
Myctophidae,Nannobrachium,atrum,483
Myctophidae,Notoscopelus,resplendens,486
Myctophidae,Taaningichthys,bathyphilus,487
Halosauridae,Halosauropsis,macrochir,481
Notacanthidae,Notacanthus,bonapartei,481
Ophidiidae,Dicrolene,intronigra,479
Bathylagidae,Bathylagus,greyae,488
Bathylagidae,Bathylagus,longirostris,474
Microstomatidae,Microstoma,microstoma,479
Microstomatidae,Nansenia,longicauda,479
Osmeridae,Hypomesus,pretiosus,500
Osmeridae,Osmerus,dentex,516
Osmeridae,Osmerus,eperlanus,518
Osmeridae,Spirinchus,thaleichthys,499
Acanthuridae,Acanthurus,achilles,496
Acanthuridae,Acanthurus,nigroris,494
Acanthuridae,Acanthurus,triostegus,493
Acanthuridae,Ctenochaetus,strigosus,486
Acanthuridae,Naso,lituratus,497
Acanthuridae,Naso,unicornis,494
Acanthuridae,Zebrasoma,flavescens,494
Acanthuridae,Zebrasoma,velifer,494
Ammodytidae,Ammodytes,hexapterus,470
Ammodytidae,Hyperoplus,lanceolatus,486
Apogonidae,Pristiapogon,kallopterus,492
Bathymasteridae,Ronquilus,jordani,492
Carangidae,Trachurus,mediterraneus,502
Centracanthidae,Micropterus,salmoides,528
Centracanthidae,Spicara,smaris,502
Chaetodontidae,Chaetodon,kleinii,496
Chaetodontidae,Chaetodon,unimaculatus,496
Chaetodontidae,Forcipiger,flavissimus,488
Chiasmodontidae,Chiasmodon,niger,483
Embiotocidae,Cymatogaster,aggregata,500
Embiotocidae,Embiotoca,jacksoni,505
Embiotocidae,Embiotoca,lateralis,499
Embiotocidae,Hypsurus,caryi,506
Embiotocidae,Micrometrus,aurora,519
Embiotocidae,Micrometrus,minimus,518
Embiotocidae,Rhacochilus,vacca,507
Embiotocidae,Zalembius,rosaceus,494
Epigonidae,Epigonus, telescopus,492
Helostomatidae,Helostoma,temminkii,523
Howellidae,Howella,sherborni,463
Istiophoridae,Makaira,nigricans,484
Kuhliidae,Kuhlia,sandvicensis,491
Labridae,Bodianus,bilunnulatus,485
Labridae,Cirrhilabrus,solorensis,497
Labridae,Symphodus,melops,520
Latidae,Lates,calcarifer,516
Lutjanidae,Lutjanus,adetii,496
Lutjanidae,Lutjanus,bohar,497
Lutjanidae,Lutjanus,carponotatus,499
Lutjanidae,Lutjanus,erythropterus,496
Lutjanidae,Lutjanus,fulviflamma,505
Lutjanidae,Lutjanus,johnii,498
Lutjanidae,Lutjanus,malabaricus,494
Lutjanidae,Lutjanus,quinquelineatus,499
Lutjanidae,Lutjanus,russellii,499
Lutjanidae,Lutjanus,sebae,494
Mullidae,Mulloidichthys,flavolineatus,486
Mullidae,Mullus,barbatus,497
Mullidae,Parupeneus,multifasceatus,494
Mullidae,Upeneus,tragula,498
Nototheniidae,Dissostichus,mawsoni,504
Nototheniidae,Pagothenia,borchgrevinki,499
Nototheniidae,Trematomus,bernacchii,502
Nototheniidae,Trematomus,hansoni,501
Nototheniidae,Trematomus,loennbergii,500
Paralichthyidae,Citharichthys,sordidus,489
Percidae,Perca,fluviatilis,540
Percidae,Perca ,flavescens,550
Percidae,Sander,lucioperca,524
Pholidae,Apodichthys,flavidus,504
Pholidae,Pholis,laeta,504
Pholidae,Pholis,omata,498
Pomacentridae,Abudefduf,abdominalis,492
Pomacentridae,Chromis,hanui,477
Pomacentridae,Chromis,ovalis,492
Pomacentridae,Chromis,punctipinnis,498
Pomacentridae,Chromis,vanderbilti,498
Pomacentridae,Chromis,verater,480
Pomacentridae,Dascyllus,albisella,490
Pomacentridae,Dascyllus,trimaculatus,491
Pomacentridae,Plectroglyphidodon,johnstonianus,495
Pomacentridae,Pomacentrus,melanochir,501
Pomacentridae,Stegastes,fasciolatus,495
Ptilichthyidae,Ptilichthys,goodei,497
Serranidae,Centropristis,striata,498
Sparidae,Acanthopagrus,butcheri,509
Sparidae,Diplodus,annularis,505
Sphyraenidae,Sphyraena,barracuda,498
Stichaeidae,Acantholumpenus,mackayi,502
Stichaeidae,Anoplarchus,purpurescens,502
Stichaeidae,Chirolophis,japonicus,502
Stichaeidae,Ernogrammus,hexagrammus,506
Stichaeidae,Lumpenus,sagitta,496
Stichaeidae,Opisthocentrus,ocellatus,504
Stichaeidae,Pholidapus,dybowsky,522
Stichaeidae,Phytichthys ,chirus,522
Stichaeidae,Stichaeopsis,nana,522
Stichaeidae,Stichaeus,grigorjevi,502
Stichaeidae,Stichaeus,nozawae,502
Stichaeidae,Xiphister,mucosus,504
Stichaeidae,Xiphister ,atropurpureus,503
Trichodontidae,Trichodon,trichodon,503
Zanclidae,Zanclus,cornutus,492
Zoarcidae,Lycodes,pacificus,483
Zoarcidae,Zoarces,viviparus,513
Eurypharyngidae,Eurypharynx,pelecanoides,474
Pleuronectidae,Cleisthenes,herzensteini,500
Pleuronectidae,Isopsetta,isolepis,492
Pleuronectidae,Lepidopsetta,bilineata,492
Pleuronectidae,Lepidopsetta,polyxystra,493
Pleuronectidae,Limanda,aspera,503
Pleuronectidae,Limanda,limanda,502
Pleuronectidae,Lyopsetta,exilis,482
Pleuronectidae,Microstomus,kitt,502
Pleuronectidae,Microstomus,pacificus,505
Pleuronectidae,Parophrys,vetulus,498
Pleuronectidae,Platichthys,flesus,510
Pleuronectidae,Platichthys,stellatus,508
Pleuronectidae,Pleuronectes,platessa,515
Pleuronectidae,Psettichthys,melanostictus,497
Pleuronectidae,Pseudopleuronectes,americanus,506
Pleuronectidae,Pseudopleuronectes,herzensteini,500
Pleuronectidae,Pseudopleuronectes,obscurus,525
Scopthalmidae,Lepidorhombus,boscii,489
Salmonidae,Oncorhynchus,gorbuscha,506
Abyssocottidae,Abyssocottus,korotneffi,481
Salmonidae,Oncorhynchus,keta,524
Salmonidae,Oncorhynchus,keta,505
Salmonidae,Oncorhynchus,kisutch,531
Salmonidae,Oncorhynchus,kisutch,505
Salmonidae,Oncorhynchus,mykiss,521
Salmonidae,Oncorhynchus,tshawytscha,524
Salmonidae,Oncorhynchus,tshawytscha,508
Salmonidae,Salmo,salar,515
Salmonidae,Salmo,trutta trutta,532
Scombridae,Thunnus,albacares,483
Stromateidae,Peprilus,stimillimus,496
Trichiuridae,Aphanopus ,carbo,477
Abyssocottidae,Asprocottus,herzensteini,488
Abyssocottidae,Cottinella,boulengeri,482
Abyssocottidae,Cyphocottus,eurystomus,489
Abyssocottidae,Limnocottus,bergianus,490
Abyssocottidae,Limnocottus,griseus,485
Abyssocottidae,Limnocottus,pallidus,488
Abyssocottidae,Procottus,jettelesii,505
Agonidae,Bothragonus ,swani,500
Agonidae,Podothecus,acipenserinus,500
Comephoridae,Comephorus,baicalensis,501
Comephoridae,Comephorus,dybowskii,498
Cottidae,Artedius,fenestralis,498
Cottidae,Artedius,harringtoni,501
Cottidae,Ascelichthys,rhodorus,501
Cottidae,Bero,elegance,507
Cottidae,Clinocottus,globiceps,523
Cottidae,Enophrys,bison,501
Cottidae,Enophrys,diceraus,500
Cottidae,Gymnocanthus,intermedius,504
Cottidae,Gymnocanthus,pistilliger,501
Cottidae,Hemilepidotus,hemilepidotus,501
Cottidae,Icelinus,borealis,495
Cottidae,Jordania,zonope,500
Cottidae,Leptocottus,armatus,509
Cottidae,Megalocottus ,platycephalus,514
Cottidae,Microcottus,sellaris,505
Cottidae,Myoxocephalus,jaok,507
Cottidae,Myoxocephalus,potyacanthocephalus,500
Cottidae,Myoxocephalus,scorpius,506
Cottidae,Myoxocephalus,stelleri,506
Cottidae,Oligocottus,maculosus,520
Cottidae,Ruscarius,meanyi,496
Cottidae,Scorpaenichthys,marmoratus,500
Cottidae,Taurulus,bubalis,507
Cottidae,Triglopsis,quadricornis,512
Cottocomephoridae,Batrachocottus,baicalensis,509
Cottocomephoridae,Batrachocottus,multiradiatus,489
Cottocomephoridae,Batrachocottus,nikolskii,488
Cottocomephoridae,Cottocomephorus,grewingkii,503
Cottocomephoridae,Cottocomephorus,inermis,494
Cottocomephoridae,Leocottus,kesslerii,516
Cottocomephoridae,Paracottus,knerii,520
Cyclopteridae,Eumicrotremus,orbis,494
Hemiramphidae,Dermogenys,pusilla,507
Hemitripteridae,Blepsias,cirrhosus,500
Hemitripteridae,Hemitripterus,americanus,505
Hemitripteridae,Hemitripterus,villosus,503
Hemitripteridae,Nautichthys,oculofasciatus,501
Hexagrammidae,Hexagrammos,decagrammus,497
Hexagrammidae,Hexagrammos,octogrammus,523
Hexagrammidae,Hexagrammos,stelleri,496
Hexagrammidae,Ophiodon,elongatus,499
Hexagrammidae,Pleurogrammus ,azonus,504
Ictaluridae,Ameiurus,catus,541
Liparidae,Liparis,dennyi,494
Liparidae,Liparis,florae,495
Liparidae,Liparis,pulchellus,490
Liparidae,Liparis ,greeni,495
Psychrolutidae,Cottunculus,thomsonii,486
Psychrolutidae,Dasycottus,setiger,485
Psychrolutidae,Gilbertidia,sigalutes,496
Psychrolutidae,Psychrolutes,paradoxus,483
Rhamphocottidae,Rhamphocottus,richardsonii,493
Scorpaenidae,Dendrochirus,zebra,501
Scorpaenidae,Scorpaena,porcus,506
Sebastidae,Sebastes,auriculatus,498
Sebastidae,Sebastes,caurinus,496
Sebastidae,Sebastes,empaeus,493
Sebastidae,Sebastes,flavidus,497
Sebastidae,Trachyscorpia,cristulata,485
Triglidae,Chelidonichthys,lucerna,502
Triglidae,Eutrigla,gurnardus,502
Gonostomatidae,Gonostoma,atlanticum,484
Ictaluridae,Ameiurus,melas,541
Ictaluridae,Ictalurus,punctatus,542
Aulostomidae,Aulostomus,chinensis,494
Gonostomatidae,Gonostoma,denudatum,482
Gonostomatidae,Sigmops,bathyphilus,481
Gonostomatidae,Sigmops,elongatus,484
Phosichthyidae,Ichthyococcus,ovatus,487
Sternoptychidae,Argyropelecus,aculeatus,475
Sternoptychidae,Argyropelecus,gigas,477
Sternoptychidae,Polyipnus,polli,483
Sternoptychidae,Sternoptyx,diaphana,478
Sternoptychidae,Sternoptyx,pseudobscura,479
Sternoptychidae,Valenciennellus,tripunctulatus,480
Stomiidae,Bathophilus,brevis,483
Stomiidae,Borostomias,elucens,482
Stomiidae,Chauliodus,danae,484
Stomiidae,Echiostoma,barbatum,483
Stomiidae,Eustomias,obscurus,485
Stomiidae,Idiacanthus,fasciola,483
Stomiidae,Malacosteus,niger,522
Stomiidae,Melanostomias,niger,483
Stomiidae,Neonesthes,capensis,483
Stomiidae,Pachystomias,microdon,522
Stomiidae,Photonectes,braueri,483
Stomiidae,Rhadinesthes,decimus,480
Stylephoridae,Stylephorus,chordatus,470
Balistidae,Canthidermis,maculata,486
Syngnathidae,Hippocampus,angustus,500
Syngnathidae,Hippocampus,barbouri,499
Syngnathidae,Nerophis,ophidion,500
Syngnathidae,Stigmatopora,argus,502
Syngnathidae,Syngnathus,leptorhynchus,499
Balistidae,Sufflamen,bursa,487
Monacanthidae,Pergavor,aspricaudus,492
Monacanthidae,Pergavor,spilosoma,494
Ostraciidae,Ostracion,meleagris,495
Tetraodontidae,Arothron,meleagris,493
Anoplogastridae,Anoplogaster,cornuta,482
Trachichthyidae,Hoplostethus,atlanticus,482
Trachichthyidae,Hoplostethus,mediterraneus mediterraneus,483
Parazenidae,Cyttopsis,roseus,478
